{
    "jobArrayID": 1,
    "superIterationCount": 1,
    "timestepsToRun": 2880,
    "worldSize": 2048,
    "gridSize": 64,
    "dt": 1,
    "thereIsMatrixInteraction": 1,
    "aspectRatio": 1,
    "matrixTurnoverRate": 0.05,
    "matrixAdditionRate": 0.05,
    "matrixAdvectionRate": 0.25,
    "stretchFactor": 0.1,
    "slipFactor": 1,
    "cueDiffusionRate": 0.9504152199456467,
    "cueKa": 3.264943483099528,
    "fluctuationAmplitude": 0.0022497948998678476,
    "fluctuationTimescale": 33.513464065268636,
    "maximumSteadyStateActinFlow": 2.610617050528526,
    "numberOfCells": 80,
    "actinAdvectionRate": 1.4894035774283112,
    "cellBodyRadius": 40.67443104926497,
    "collisionFlowReductionRate": 0.27225807309150696,
    "collisionAdvectionRate": 0.08277412224560976
}