{
    "jobArrayID": 0,
    "superIterationCount": 1,
    "timestepsToRun": 2880,
    "worldSize": 2048,
    "gridSize": 64,
    "dt": 1,
    "thereIsMatrixInteraction": 1,
    "aspectRatio": 1,
    "stretchFactor": 0.01,
    "slipFactor": 1,
    "matrixTurnoverRate": 0.05,
    "matrixAdditionRate": 0.05,
    "matrixAdvectionRate": 0.1,
    "cueDiffusionRate": 0.5239943086105399,
    "cueKa": 3.087160325367749,
    "fluctuationAmplitude": 0.00047340789364650853,
    "fluctuationTimescale": 18.323194100521505,
    "maximumSteadyStateActinFlow": 1.4974464252591133,
    "numberOfCells": 140,
    "actinAdvectionRate": 2.152181340381503,
    "cellBodyRadius": 60.92579610645771,
    "collisionFlowReductionRate": 0.19020197354257107,
    "collisionAdvectionRate": 0.0
}