{
    "superIterationCount": 1,
    "timestepsToRun": 2880,
    "worldSize": 2048,
    "gridSize": 64,
    "dt": 1,
    "thereIsMatrixInteraction": 1,
    "matrixTurnoverRate": 0.05,
    "matrixAdditionRate": 0.05,
    "matrixAdvectionRate": 0.00,
    "cellBodyRadius": 96.4228143915534,
    "aspectRatio": 1,
    "cueDiffusionRate": 0.49726462715314695,
    "cueKa": 4.884629219414853,
    "fluctuationAmplitude": 0.003320487146126107,
    "fluctuationTimescale": 21.997770665213466,
    "actinAdvectionRate": 4.585054633207619,
    "maximumSteadyStateActinFlow": 4.9447794910520315,
    "collisionFlowReductionRate": 0.5899853333830833,
    "collisionAdvectionRate": 2.2125671757385135,
    "numberOfCells": 89,
    "jobArrayID": 0
}