{
    "jobArrayID": 0,
    "superIterationCount": 1,
    "timestepsToRun": 2880,
    "worldSize": 2048,
    "gridSize": 64,
    "dt": 1,
    "thereIsMatrixInteraction": 1,
    "aspectRatio": 1,
    "matrixTurnoverRate": 0.05,
    "matrixAdditionRate": 0.05,
    "matrixAdvectionRate": 0.5,
    "cueDiffusionRate": 1.4806264881140552,
    "cueKa": 4.916535124583542,
    "fluctuationAmplitude": 0.00554933143094182,
    "fluctuationTimescale": 2,
    "maximumSteadyStateActinFlow": 2,
    "numberOfCells": 174,
    "actinAdvectionRate": 2.306276425532997,
    "cellBodyRadius": 25,
    "collisionFlowReductionRate": 0.8180397544056177,
    "collisionAdvectionRate": 0.5519188279286027,
    "stretchFactor": 2.136683901771903,
    "slipFactor": 0.044636050327122215
}