{
    "jobArrayID": 0,
    "superIterationCount": 10,
    "timestepsToRun": 2880,
    "worldSize": 2048,
    "gridSize": 64,
    "dt": 1,
    "thereIsMatrixInteraction": 1,
    "matrixTurnoverRate": 0.05,
    "matrixAdditionRate": 0.05,
    "matrixAdvectionRate": 0.0,
    "aspectRatio": 1,
    "cueDiffusionRate": 2.265198684803303,
    "cueKa": 2.645971941183042,
    "fluctuationAmplitude": 0.0010768608421087265,
    "fluctuationTimescale": 67.58209869451821,
    "maximumSteadyStateActinFlow": 0.46888906694948673,
    "numberOfCells": 175,
    "actinAdvectionRate": 0.7461643125861883,
    "cellBodyRadius": 75,
    "collisionFlowReductionRate": 0.23550377320498228,
    "collisionAdvectionRate": 0.25,
    "stretchFactor": 7.015735718887299,
    "slipFactor": 0.01
}