{
    "superIterationCount": 10,
    "timestepsToRun": 1440,
    "worldSize": 2048,
    "gridSize": 64,
    "dt": 1,
    "thereIsMatrixInteraction": 1,
    "matrixTurnoverRate": 0.05,
    "matrixAdditionRate": 0.05,
    "matrixAdvectionRate": 0.0,
    "cellBodyRadius": 75,
    "aspectRatio": 1,
    "cueDiffusionRate": 0.09461644218303264,
    "cueKa": 0.8718062080442905,
    "fluctuationAmplitude": 0.012972566485404968,
    "fluctuationTimescale": 14.133964254986495,
    "actinAdvectionRate": 0.8586312975361943,
    "maximumSteadyStateActinFlow": 4.449632951524109,
    "collisionAdvectionRate": 0.5368518133368343,
    "collisionFlowReductionRate": 0.6474760817922652,
    "numberOfCells": 61,
    "jobArrayID": 0
}