{
    "outputFolder": "./test_output",
    "jobArrayID": 10000000,
    "superIterationCount": 1,
    "timestepsToRun": 2880,
    "worldSize": 2048,
    "gridSize": 64,
    "dt": 1,
    "thereIsMatrixInteraction": 1,
    "aspectRatio": 1,
    "matrixTurnoverRate": 0.00,
    "matrixAdditionRate": 0.00,
    "matrixAdvectionRate": 0,
    "cueDiffusionRate": 0.008065250761620698,
    "cueKa": 0.7440216590342112,
    "fluctuationAmplitude": 0.00023617812267504634,
    "fluctuationTimescale": 59.83989701420069,
    "maximumSteadyStateActinFlow": 0.455370953027159,
    "numberOfCells": 125,
    "actinAdvectionRate": 1.216317857708782,
    "cellBodyRadius": 28.455544114112854,
    "collisionFlowReductionRate": 0.3188132382929325,
    "collisionAdvectionRate": 0.11022941954433918,
    "stretchFactor": 0.6981688137166202,
    "slipFactor": 0.03531462272619829
}