{
    "superIterationCount": 1,
    "timestepsToRun": 1440,
    "worldSize": 2048,
    "gridSize": 64,
    "dt": 1,
    "thereIsMatrixInteraction": 1,
    "matrixTurnoverRate": 0.05,
    "matrixAdditionRate": 0.05,
    "matrixAdvectionRate": 0.0,
    "cellBodyRadius": 75,
    "aspectRatio": 1,
    "cueDiffusionRate": 0.31555250874254853,
    "cueKa": 0.6820904174819589,
    "fluctuationAmplitude": 0.01481984380632639,
    "fluctuationTimescale": 2.241782733704895,
    "actinAdvectionRate": 0.3822690259385854,
    "maximumSteadyStateActinFlow": 4.761321577243507,
    "collisionAdvectionRate": 0.3828382588364184,
    "collisionFlowReductionRate": 0.1177176524233073,
    "numberOfCells": 155,
    "jobArrayID": 0
}