{
    "jobArrayID": 0,
    "superIterationCount": 1,
    "timestepsToRun": 2880,
    "worldSize": 2048,
    "gridSize": 64,
    "dt": 1,
    "thereIsMatrixInteraction": 1,
    "aspectRatio": 1,
    "stretchFactor": 0.01,
    "slipFactor": 1,
    "matrixTurnoverRate": 0.0,
    "matrixAdditionRate": 0.01,
    "matrixAdvectionRate": 0.25,
    "cueDiffusionRate": 0.2911508787817321,
    "cueKa": 4.685805763494969,
    "fluctuationAmplitude": 0.0015773697575554252,
    "fluctuationTimescale": 10.378883389756083,
    "maximumSteadyStateActinFlow": 1.926261113025248,
    "numberOfCells": 126,
    "actinAdvectionRate": 0.908141914755106,
    "cellBodyRadius": 47.254700562916696,
    "collisionFlowReductionRate": 0.1461106762290001,
    "collisionAdvectionRate": 1.0563641251064837
}