{
    "array_id": 1064.0,
    "superIterationCount": 30.0,
    "numberOfCells": 70.0,
    "worldSize": 2048.0,
    "gridSize": 32.0,
    "cellTypeProportions": 0.0,
    "matrixAdditionRate": 0.075,
    "matrixTurnoverRate": 0.0006956782713085,
    "cellDepositionSigma": 71.00240096038415,
    "cellSensationSigma": 71.95878351340536,
    "poissonLambda": 3.1328384254862405,
    "kappa": 0.1270508203281312,
    "matrixKappa": 3.1368547418967587,
    "homotypicInhibition": 0.8974189675870348,
    "heterotypicInhibition": 0.0,
    "polarityPersistence": 0.5715686274509804,
    "polarityTurningCoupling": 0.921968787515006,
    "flowScaling": 2.6746698679471788,
    "flowPolarityCoupling": 0.751759821912039,
    "polarityNoiseSigma": 0.01,
    "collisionRepolarisation": 0.0,
    "repolarisationRate": 0.4715686274509804
}